id,mcid,name
0,334,さんさんよん
1,0paiti,おぱいち
2,23zi_51hun,にじゅうさんじごじゅういっぷん
3,5don,ごどん
4,akenn1549,あーけん
5,Animamiko,あにまみこ
6,arienu,ありえぬ
7,asshi_aho,あっしー
8,BALjirooo,ばるじろー
9,Bonkon,ぼんこん
10,bosatsu_numnum,ぼさつ
11,Bro_Banana,ぶろばなな
12,Bro_Catherine,ぶろきゃさりん
13,Bro_Dr_VENOMario,ぶろべのむ
14,Bro_gorillabbit,ぶろごりらびっと
15,Bro_Kuribo,ぶろくりぼー
16,Bro_Y_dash,ぶろわいだっしゅ
17,bun133,ぶん
18,Caeru_3391,かえる
19,Damitomo0106,だみとも
20,dbk_huuka,どぼくふうか
21,Dede_3,でで
22,Denden31415,でんでん
23,Deponn,でぽん
24,DOCJOTAIXXX,どくじょうたい
25,Ebifly18,えびふらい
26,emf_1,えむえふ
27,fakevox24,ふぇいくぼっくす
28,famas1219,ふぁます
29,GASU_0909,がすますく
30,GEZIGEZIkun64,げじげじ
31,gin499,ぎん
32,GOD_koutan,ごっどこうたん
33,hahihato,はいはと
34,hide__kun,ひで
35,ikao50712,いかお
36,ikeko_99,いけこ
37,imo64,いもむし
38,INKYATENSEI,いんきゃてんせい
39,INNINzip,いにん
40,kaiji_0,かいじ
41,KAIKING1101,かいきんぐ
42,kakikama,かきかま
43,Kamesuta,かめすた
44,kanariaaaaaa,かなりあ
45,kein_kandy,けいん
46,ken_asahi2325,けんあさひ
47,ken_kantasuke,けんかんたすけ
48,ken_macco,けんまっこ
49,ken_pro_H1maz1n,けんぷろひまじん
50,KINTAMAvndidGIGI,きんたまヴんでぃどぎぎ
51,kono_a,このあ
52,kotaro0131,こたろー
53,koyahugo,こやゆうご
54,kugata_214,くがた
55,kuramochi4649,くらもち
56,larvaFlog,らーばふろっぐ
57,macyakari_5,まちゃかり
58,mars_2,まーず
59,MC_tomatosousu,えむしーとまとそーす
60,METABOnoONAKA,めたおぼのおなか
61,Mike___1219,まいく
62,MisoSoup0214,みそすーぷ
63,ms94,えむえすきゅうじゅうよん
64,n0r41nu,のらいぬ
65,Nagatuki,ながつき
66,natsu5515,なつ
67,NewFung,にゅーふぁんぐ
68,Nishito_31,にしと
69,nori7232,のり
70,norunoru315,のるのる
71,Nyandol,にゃんどる
72,odisan_0723,おぢさん
73,Osaaaaa,おさー
74,PenpeKun0903,ぺんぺ
75,potechi3710,ぽてち
76,rnojaja,あーるのじゃじゃ
77,roadhog_kun,ろーどほっぐくん
78,rosec_pin,ろぜっくぴん
79,ryouhei0815,りょうへい
80,S4kiGake,さきがけ
81,SAKIchan07,さきちゃん
82,senya822,せんや
83,Shaymin0910,しぇいみん
84,shibasan_MGBY,しばさんまぐばい
85,shimo_sawa,しもさわ
86,sirokuma_melon,しろくまめろん
87,sou_booon,そうぶーん
88,suzuki2929,すずき
89,syakaijin_4869,ただのしゃかいじん
90,TACOWASA_020,たこわさぜろにーぜろ
91,TACOWASA_051,たこわさぜろごーいち
92,TACOWASA_099,たこわさぜろきゅーきゅー
93,takasou,たかそう
94,takumi23,たくみ
95,tan_sio,たんしお
96,tanabe0321,たなべ
97,tanikei,たにけい
98,TETU_tanuki,てつたぬき
99,tirno,ちるの
100,Tomas_kun,とーます
101,tomatan515,とまたん
102,tommyjr717,とみーじゅにあ
103,ton_gari,とんがり
104,Toshi,とし
105,tubugai_893,つぶがい
106,uminya_,うみにゃ
107,urn1o,うるんるー
108,wadrud_,わどるど
109,Yaci56,やち
110,Yanyaa,やにゃー
111,yatuhashi_1224,やつはし
112,yoshi_kyou_sinja,よっしーきょうしんじゃ
113,YOSHIKO__CHAN__,よしこちゃん
114,yuddon7,ゆーどん
115,yukimura0325,ゆっきー
116,Yutera,ゆてら
117,zaguuu_29831,ざぐー
